Groupe;Nom_évalué;Prenom_évalué;Courriel_évalué;Bareme;Note_aspect;Note_calc;Note_modif;Note;MNG;Facteur;Commentaires;Nom_évaluateur;Prenom_évaluateur;Commentaires_generaux
EQUIPE1_ELE795;etudiant12;etudiant12;etudiant12@etsmtl.ca;"Organisation du travail d’équipe";3;50;60;60;46,25;1,297297;Autoévaluation;etudiant12;etudiant12;"Commentaire general&nbsp; Autoévaluation"
EQUIPE1_ELE795;etudiant12;etudiant12;etudiant12@etsmtl.ca;"Composition avec les différences individuelles";3;50;60;60;46,25;1,297297;Autoévaluation;etudiant12;etudiant12;"Commentaire general&nbsp; Autoévaluation"
EQUIPE1_ELE795;etudiant12;etudiant12;etudiant12@etsmtl.ca;"Aptitude à proposer des solutions";3;50;60;60;46,25;1,297297;Autoévaluation;etudiant12;etudiant12;"Commentaire general&nbsp; Autoévaluation"
EQUIPE1_ELE795;etudiant12;etudiant12;etudiant12@etsmtl.ca;"Esprit d’équipe";3;50;60;60;46,25;1,297297;Autoévaluation;etudiant12;etudiant12;"Commentaire general&nbsp; Autoévaluation"
EQUIPE1_ELE795;etudiant12;etudiant12;etudiant12@etsmtl.ca;Présence;3;50;60;60;46,25;1,297297;Autoévaluation;etudiant12;etudiant12;"Commentaire general&nbsp; Autoévaluation"
EQUIPE1_ELE795;etudiant12;etudiant12;etudiant12@etsmtl.ca;"Quantité de travail";3;50;60;60;46,25;1,297297;Autoévaluation;etudiant12;etudiant12;"Commentaire general&nbsp; Autoévaluation"
EQUIPE1_ELE795;etudiant12;etudiant12;etudiant12@etsmtl.ca;"Qualité du travail";3;50;60;60;46,25;1,297297;Autoévaluation;etudiant12;etudiant12;"Commentaire general&nbsp; Autoévaluation"
EQUIPE1_ELE795;etudiant12;etudiant12;etudiant12@etsmtl.ca;"Organisation du travail d’équipe";3;50;60;60;46,25;1,297297;"Étudiant13 évalue Étudiant12";etudiant13;etudiant13;"Commentaire general Étudiant13 évalue Étudiant12"
EQUIPE1_ELE795;etudiant12;etudiant12;etudiant12@etsmtl.ca;"Composition avec les différences individuelles";3;50;60;60;46,25;1,297297;"Étudiant13 évalue Étudiant12";etudiant13;etudiant13;"Commentaire general Étudiant13 évalue Étudiant12"
EQUIPE1_ELE795;etudiant12;etudiant12;etudiant12@etsmtl.ca;"Aptitude à proposer des solutions";3;50;60;60;46,25;1,297297;"Étudiant13 évalue Étudiant12";etudiant13;etudiant13;"Commentaire general Étudiant13 évalue Étudiant12"
EQUIPE1_ELE795;etudiant12;etudiant12;etudiant12@etsmtl.ca;"Esprit d’équipe";3;50;60;60;46,25;1,297297;"Étudiant13 évalue Étudiant12";etudiant13;etudiant13;"Commentaire general Étudiant13 évalue Étudiant12"
EQUIPE1_ELE795;etudiant12;etudiant12;etudiant12@etsmtl.ca;Présence;3;50;60;60;46,25;1,297297;"Étudiant13 évalue Étudiant12";etudiant13;etudiant13;"Commentaire general Étudiant13 évalue Étudiant12"
EQUIPE1_ELE795;etudiant12;etudiant12;etudiant12@etsmtl.ca;"Quantité de travail";3;50;60;60;46,25;1,297297;"Étudiant13 évalue Étudiant12";etudiant13;etudiant13;"Commentaire general Étudiant13 évalue Étudiant12"
EQUIPE1_ELE795;etudiant12;etudiant12;etudiant12@etsmtl.ca;"Qualité du travail";3;50;60;60;46,25;1,297297;"Étudiant13 évalue Étudiant12";etudiant13;etudiant13;"Commentaire general Étudiant13 évalue Étudiant12"
EQUIPE1_ELE795;etudiant12;etudiant12;etudiant12@etsmtl.ca;"Organisation du travail d’équipe";3;50;60;60;46,25;1,297297;"Étudiant14 évalue Étudiant12";etudiant14;etudiant14;"Commentaire general&nbsp;Étudiant14 évalue Étudiant12"
EQUIPE1_ELE795;etudiant12;etudiant12;etudiant12@etsmtl.ca;"Composition avec les différences individuelles";3;50;60;60;46,25;1,297297;"Étudiant14 évalue Étudiant12";etudiant14;etudiant14;"Commentaire general&nbsp;Étudiant14 évalue Étudiant12"
EQUIPE1_ELE795;etudiant12;etudiant12;etudiant12@etsmtl.ca;"Aptitude à proposer des solutions";3;50;60;60;46,25;1,297297;"Étudiant14 évalue Étudiant12";etudiant14;etudiant14;"Commentaire general&nbsp;Étudiant14 évalue Étudiant12"
EQUIPE1_ELE795;etudiant12;etudiant12;etudiant12@etsmtl.ca;"Esprit d’équipe";3;50;60;60;46,25;1,297297;"Étudiant14 évalue Étudiant12";etudiant14;etudiant14;"Commentaire general&nbsp;Étudiant14 évalue Étudiant12"
EQUIPE1_ELE795;etudiant12;etudiant12;etudiant12@etsmtl.ca;Présence;3;50;60;60;46,25;1,297297;"Étudiant14 évalue Étudiant12";etudiant14;etudiant14;"Commentaire general&nbsp;Étudiant14 évalue Étudiant12"
EQUIPE1_ELE795;etudiant12;etudiant12;etudiant12@etsmtl.ca;"Quantité de travail";3;50;60;60;46,25;1,297297;"Étudiant14 évalue Étudiant12";etudiant14;etudiant14;"Commentaire general&nbsp;Étudiant14 évalue Étudiant12"
EQUIPE1_ELE795;etudiant12;etudiant12;etudiant12@etsmtl.ca;"Qualité du travail";3;50;60;60;46,25;1,297297;"Étudiant14 évalue Étudiant12";etudiant14;etudiant14;"Commentaire general&nbsp;Étudiant14 évalue Étudiant12"
EQUIPE1_ELE795;etudiant12;etudiant12;etudiant12@etsmtl.ca;"Organisation du travail d’équipe";1;50;60;60;46,25;1,297297;"Étudiant15 évalue Étudiant12 (fraude)";etudiant15;etudiant15;"Commentaire general Étudiant15 évalue Étudiant12 (fraude)"
EQUIPE1_ELE795;etudiant12;etudiant12;etudiant12@etsmtl.ca;"Composition avec les différences individuelles";1;50;60;60;46,25;1,297297;"Étudiant15 évalue Étudiant12 (fraude)";etudiant15;etudiant15;"Commentaire general Étudiant15 évalue Étudiant12 (fraude)"
EQUIPE1_ELE795;etudiant12;etudiant12;etudiant12@etsmtl.ca;"Aptitude à proposer des solutions";1;50;60;60;46,25;1,297297;"Étudiant15 évalue Étudiant12 (fraude)";etudiant15;etudiant15;"Commentaire general Étudiant15 évalue Étudiant12 (fraude)"
EQUIPE1_ELE795;etudiant12;etudiant12;etudiant12@etsmtl.ca;"Esprit d’équipe";1;50;60;60;46,25;1,297297;"Étudiant15 évalue Étudiant12 (fraude)";etudiant15;etudiant15;"Commentaire general Étudiant15 évalue Étudiant12 (fraude)"
EQUIPE1_ELE795;etudiant12;etudiant12;etudiant12@etsmtl.ca;Présence;1;50;60;60;46,25;1,297297;"Étudiant15 évalue Étudiant12 (fraude)";etudiant15;etudiant15;"Commentaire general Étudiant15 évalue Étudiant12 (fraude)"
EQUIPE1_ELE795;etudiant12;etudiant12;etudiant12@etsmtl.ca;"Quantité de travail";1;50;60;60;46,25;1,297297;"Étudiant15 évalue Étudiant12 (fraude)";etudiant15;etudiant15;"Commentaire general Étudiant15 évalue Étudiant12 (fraude)"
EQUIPE1_ELE795;etudiant12;etudiant12;etudiant12@etsmtl.ca;"Qualité du travail";1;50;60;60;46,25;1,297297;"Étudiant15 évalue Étudiant12 (fraude)";etudiant15;etudiant15;"Commentaire general Étudiant15 évalue Étudiant12 (fraude)"
EQUIPE1_ELE795;etudiant13;etudiant13;etudiant13@etsmtl.ca;"Organisation du travail d’équipe";4;75;0;75;46,25;1,621622;"Étudiant12 évalue Étudiant13";etudiant12;etudiant12;"Commentaire general&nbsp;Étudiant12 évalue Étudiant13"
EQUIPE1_ELE795;etudiant13;etudiant13;etudiant13@etsmtl.ca;"Composition avec les différences individuelles";4;75;0;75;46,25;1,621622;"Étudiant12 évalue Étudiant13";etudiant12;etudiant12;"Commentaire general&nbsp;Étudiant12 évalue Étudiant13"
EQUIPE1_ELE795;etudiant13;etudiant13;etudiant13@etsmtl.ca;"Aptitude à proposer des solutions";4;75;0;75;46,25;1,621622;"Étudiant12 évalue Étudiant13";etudiant12;etudiant12;"Commentaire general&nbsp;Étudiant12 évalue Étudiant13"
EQUIPE1_ELE795;etudiant13;etudiant13;etudiant13@etsmtl.ca;"Esprit d’équipe";4;75;0;75;46,25;1,621622;"Étudiant12 évalue Étudiant13";etudiant12;etudiant12;"Commentaire general&nbsp;Étudiant12 évalue Étudiant13"
EQUIPE1_ELE795;etudiant13;etudiant13;etudiant13@etsmtl.ca;Présence;4;75;0;75;46,25;1,621622;"Étudiant12 évalue Étudiant13";etudiant12;etudiant12;"Commentaire general&nbsp;Étudiant12 évalue Étudiant13"
EQUIPE1_ELE795;etudiant13;etudiant13;etudiant13@etsmtl.ca;"Quantité de travail";4;75;0;75;46,25;1,621622;"Étudiant12 évalue Étudiant13";etudiant12;etudiant12;"Commentaire general&nbsp;Étudiant12 évalue Étudiant13"
EQUIPE1_ELE795;etudiant13;etudiant13;etudiant13@etsmtl.ca;"Qualité du travail";4;75;0;75;46,25;1,621622;"Étudiant12 évalue Étudiant13";etudiant12;etudiant12;"Commentaire general&nbsp;Étudiant12 évalue Étudiant13"
EQUIPE1_ELE795;etudiant13;etudiant13;etudiant13@etsmtl.ca;"Organisation du travail d’équipe";4;75;0;75;46,25;1,621622;Autoévaluation;etudiant13;etudiant13;"Commentaire general Autoévaluation"
EQUIPE1_ELE795;etudiant13;etudiant13;etudiant13@etsmtl.ca;"Composition avec les différences individuelles";4;75;0;75;46,25;1,621622;Autoévaluation;etudiant13;etudiant13;"Commentaire general Autoévaluation"
EQUIPE1_ELE795;etudiant13;etudiant13;etudiant13@etsmtl.ca;"Aptitude à proposer des solutions";4;75;0;75;46,25;1,621622;Autoévaluation;etudiant13;etudiant13;"Commentaire general Autoévaluation"
EQUIPE1_ELE795;etudiant13;etudiant13;etudiant13@etsmtl.ca;"Esprit d’équipe";4;75;0;75;46,25;1,621622;Autoévaluation;etudiant13;etudiant13;"Commentaire general Autoévaluation"
EQUIPE1_ELE795;etudiant13;etudiant13;etudiant13@etsmtl.ca;Présence;4;75;0;75;46,25;1,621622;Autoévaluation;etudiant13;etudiant13;"Commentaire general Autoévaluation"
EQUIPE1_ELE795;etudiant13;etudiant13;etudiant13@etsmtl.ca;"Quantité de travail";4;75;0;75;46,25;1,621622;Autoévaluation;etudiant13;etudiant13;"Commentaire general Autoévaluation"
EQUIPE1_ELE795;etudiant13;etudiant13;etudiant13@etsmtl.ca;"Qualité du travail";4;75;0;75;46,25;1,621622;Autoévaluation;etudiant13;etudiant13;"Commentaire general Autoévaluation"
EQUIPE1_ELE795;etudiant13;etudiant13;etudiant13@etsmtl.ca;"Organisation du travail d’équipe";4;75;0;75;46,25;1,621622;"Étudiant14 évalue Étudiant13";etudiant14;etudiant14;"Commentaire general&nbsp;Étudiant14 évalue Étudiant13"
EQUIPE1_ELE795;etudiant13;etudiant13;etudiant13@etsmtl.ca;"Composition avec les différences individuelles";4;75;0;75;46,25;1,621622;"Étudiant14 évalue Étudiant13";etudiant14;etudiant14;"Commentaire general&nbsp;Étudiant14 évalue Étudiant13"
EQUIPE1_ELE795;etudiant13;etudiant13;etudiant13@etsmtl.ca;"Aptitude à proposer des solutions";4;75;0;75;46,25;1,621622;"Étudiant14 évalue Étudiant13";etudiant14;etudiant14;"Commentaire general&nbsp;Étudiant14 évalue Étudiant13"
EQUIPE1_ELE795;etudiant13;etudiant13;etudiant13@etsmtl.ca;"Esprit d’équipe";4;75;0;75;46,25;1,621622;"Étudiant14 évalue Étudiant13";etudiant14;etudiant14;"Commentaire general&nbsp;Étudiant14 évalue Étudiant13"
EQUIPE1_ELE795;etudiant13;etudiant13;etudiant13@etsmtl.ca;Présence;4;75;0;75;46,25;1,621622;"Étudiant14 évalue Étudiant13";etudiant14;etudiant14;"Commentaire general&nbsp;Étudiant14 évalue Étudiant13"
EQUIPE1_ELE795;etudiant13;etudiant13;etudiant13@etsmtl.ca;"Quantité de travail";4;75;0;75;46,25;1,621622;"Étudiant14 évalue Étudiant13";etudiant14;etudiant14;"Commentaire general&nbsp;Étudiant14 évalue Étudiant13"
EQUIPE1_ELE795;etudiant13;etudiant13;etudiant13@etsmtl.ca;"Qualité du travail";4;75;0;75;46,25;1,621622;"Étudiant14 évalue Étudiant13";etudiant14;etudiant14;"Commentaire general&nbsp;Étudiant14 évalue Étudiant13"
EQUIPE1_ELE795;etudiant13;etudiant13;etudiant13@etsmtl.ca;"Organisation du travail d’équipe";1;75;0;75;46,25;1,621622;"Étudiant15 évalue Étudiant13 (fraude)";etudiant15;etudiant15;"Commentaire general Étudiant15 évalue Étudiant13 (fraude)"
EQUIPE1_ELE795;etudiant13;etudiant13;etudiant13@etsmtl.ca;"Composition avec les différences individuelles";1;75;0;75;46,25;1,621622;"Étudiant15 évalue Étudiant13 (fraude)";etudiant15;etudiant15;"Commentaire general Étudiant15 évalue Étudiant13 (fraude)"
EQUIPE1_ELE795;etudiant13;etudiant13;etudiant13@etsmtl.ca;"Aptitude à proposer des solutions";1;75;0;75;46,25;1,621622;"Étudiant15 évalue Étudiant13 (fraude)";etudiant15;etudiant15;"Commentaire general Étudiant15 évalue Étudiant13 (fraude)"
EQUIPE1_ELE795;etudiant13;etudiant13;etudiant13@etsmtl.ca;"Esprit d’équipe";1;75;0;75;46,25;1,621622;"Étudiant15 évalue Étudiant13 (fraude)";etudiant15;etudiant15;"Commentaire general Étudiant15 évalue Étudiant13 (fraude)"
EQUIPE1_ELE795;etudiant13;etudiant13;etudiant13@etsmtl.ca;Présence;1;75;0;75;46,25;1,621622;"Étudiant15 évalue Étudiant13 (fraude)";etudiant15;etudiant15;"Commentaire general Étudiant15 évalue Étudiant13 (fraude)"
EQUIPE1_ELE795;etudiant13;etudiant13;etudiant13@etsmtl.ca;"Quantité de travail";1;75;0;75;46,25;1,621622;"Étudiant15 évalue Étudiant13 (fraude)";etudiant15;etudiant15;"Commentaire general Étudiant15 évalue Étudiant13 (fraude)"
EQUIPE1_ELE795;etudiant13;etudiant13;etudiant13@etsmtl.ca;"Qualité du travail";1;75;0;75;46,25;1,621622;"Étudiant15 évalue Étudiant13 (fraude)";etudiant15;etudiant15;"Commentaire general Étudiant15 évalue Étudiant13 (fraude)"
EQUIPE1_ELE795;etudiant14;etudiant14;etudiant14@etsmtl.ca;"Organisation du travail d’équipe";2;25;0;25;46,25;0,540541;"Étudiant12 évalue Étudiant14";etudiant12;etudiant12;"Commentaire general&nbsp;Étudiant12 évalue Étudiant14"
EQUIPE1_ELE795;etudiant14;etudiant14;etudiant14@etsmtl.ca;"Composition avec les différences individuelles";2;25;0;25;46,25;0,540541;"Étudiant12 évalue Étudiant14";etudiant12;etudiant12;"Commentaire general&nbsp;Étudiant12 évalue Étudiant14"
EQUIPE1_ELE795;etudiant14;etudiant14;etudiant14@etsmtl.ca;"Aptitude à proposer des solutions";2;25;0;25;46,25;0,540541;"Étudiant12 évalue Étudiant14";etudiant12;etudiant12;"Commentaire general&nbsp;Étudiant12 évalue Étudiant14"
EQUIPE1_ELE795;etudiant14;etudiant14;etudiant14@etsmtl.ca;"Esprit d’équipe";2;25;0;25;46,25;0,540541;"Étudiant12 évalue Étudiant14";etudiant12;etudiant12;"Commentaire general&nbsp;Étudiant12 évalue Étudiant14"
EQUIPE1_ELE795;etudiant14;etudiant14;etudiant14@etsmtl.ca;Présence;2;25;0;25;46,25;0,540541;"Étudiant12 évalue Étudiant14";etudiant12;etudiant12;"Commentaire general&nbsp;Étudiant12 évalue Étudiant14"
EQUIPE1_ELE795;etudiant14;etudiant14;etudiant14@etsmtl.ca;"Quantité de travail";2;25;0;25;46,25;0,540541;"Étudiant12 évalue Étudiant14";etudiant12;etudiant12;"Commentaire general&nbsp;Étudiant12 évalue Étudiant14"
EQUIPE1_ELE795;etudiant14;etudiant14;etudiant14@etsmtl.ca;"Qualité du travail";2;25;0;25;46,25;0,540541;"Étudiant12 évalue Étudiant14";etudiant12;etudiant12;"Commentaire general&nbsp;Étudiant12 évalue Étudiant14"
EQUIPE1_ELE795;etudiant14;etudiant14;etudiant14@etsmtl.ca;"Organisation du travail d’équipe";2;25;0;25;46,25;0,540541;"Étudiant13 évalue Étudiant14";etudiant13;etudiant13;"Commentaire général Étudiant13 évalue Étudiant14"
EQUIPE1_ELE795;etudiant14;etudiant14;etudiant14@etsmtl.ca;"Composition avec les différences individuelles";2;25;0;25;46,25;0,540541;"Étudiant13 évalue Étudiant14";etudiant13;etudiant13;"Commentaire général Étudiant13 évalue Étudiant14"
EQUIPE1_ELE795;etudiant14;etudiant14;etudiant14@etsmtl.ca;"Aptitude à proposer des solutions";2;25;0;25;46,25;0,540541;"Étudiant13 évalue Étudiant14";etudiant13;etudiant13;"Commentaire général Étudiant13 évalue Étudiant14"
EQUIPE1_ELE795;etudiant14;etudiant14;etudiant14@etsmtl.ca;"Esprit d’équipe";2;25;0;25;46,25;0,540541;"Étudiant13 évalue Étudiant14";etudiant13;etudiant13;"Commentaire général Étudiant13 évalue Étudiant14"
EQUIPE1_ELE795;etudiant14;etudiant14;etudiant14@etsmtl.ca;Présence;2;25;0;25;46,25;0,540541;"Étudiant13 évalue Étudiant14";etudiant13;etudiant13;"Commentaire général Étudiant13 évalue Étudiant14"
EQUIPE1_ELE795;etudiant14;etudiant14;etudiant14@etsmtl.ca;"Quantité de travail";2;25;0;25;46,25;0,540541;"Étudiant13 évalue Étudiant14";etudiant13;etudiant13;"Commentaire général Étudiant13 évalue Étudiant14"
EQUIPE1_ELE795;etudiant14;etudiant14;etudiant14@etsmtl.ca;"Qualité du travail";2;25;0;25;46,25;0,540541;"Étudiant13 évalue Étudiant14";etudiant13;etudiant13;"Commentaire général Étudiant13 évalue Étudiant14"
EQUIPE1_ELE795;etudiant14;etudiant14;etudiant14@etsmtl.ca;"Organisation du travail d’équipe";2;25;0;25;46,25;0,540541;Autoévaluation;etudiant14;etudiant14;"Commentaire généraux&nbsp;Autoévaluation"
EQUIPE1_ELE795;etudiant14;etudiant14;etudiant14@etsmtl.ca;"Composition avec les différences individuelles";2;25;0;25;46,25;0,540541;Autoévaluation;etudiant14;etudiant14;"Commentaire généraux&nbsp;Autoévaluation"
EQUIPE1_ELE795;etudiant14;etudiant14;etudiant14@etsmtl.ca;"Aptitude à proposer des solutions";2;25;0;25;46,25;0,540541;Autoévaluation;etudiant14;etudiant14;"Commentaire généraux&nbsp;Autoévaluation"
EQUIPE1_ELE795;etudiant14;etudiant14;etudiant14@etsmtl.ca;"Esprit d’équipe";2;25;0;25;46,25;0,540541;Autoévaluation;etudiant14;etudiant14;"Commentaire généraux&nbsp;Autoévaluation"
EQUIPE1_ELE795;etudiant14;etudiant14;etudiant14@etsmtl.ca;Présence;2;25;0;25;46,25;0,540541;Autoévaluation;etudiant14;etudiant14;"Commentaire généraux&nbsp;Autoévaluation"
EQUIPE1_ELE795;etudiant14;etudiant14;etudiant14@etsmtl.ca;"Quantité de travail";2;25;0;25;46,25;0,540541;Autoévaluation;etudiant14;etudiant14;"Commentaire généraux&nbsp;Autoévaluation"
EQUIPE1_ELE795;etudiant14;etudiant14;etudiant14@etsmtl.ca;"Qualité du travail";2;25;0;25;46,25;0,540541;Autoévaluation;etudiant14;etudiant14;"Commentaire généraux&nbsp;Autoévaluation"
EQUIPE1_ELE795;etudiant14;etudiant14;etudiant14@etsmtl.ca;"Organisation du travail d’équipe";1;25;0;25;46,25;0,540541;"Étudiant15 évalue Étudiant14 (fraude)";etudiant15;etudiant15;"Commentaire general Étudiant15 évalue Étudiant14 (fraude)"
EQUIPE1_ELE795;etudiant14;etudiant14;etudiant14@etsmtl.ca;"Composition avec les différences individuelles";1;25;0;25;46,25;0,540541;"Étudiant15 évalue Étudiant14 (fraude)";etudiant15;etudiant15;"Commentaire general Étudiant15 évalue Étudiant14 (fraude)"
EQUIPE1_ELE795;etudiant14;etudiant14;etudiant14@etsmtl.ca;"Aptitude à proposer des solutions";1;25;0;25;46,25;0,540541;"Étudiant15 évalue Étudiant14 (fraude)";etudiant15;etudiant15;"Commentaire general Étudiant15 évalue Étudiant14 (fraude)"
EQUIPE1_ELE795;etudiant14;etudiant14;etudiant14@etsmtl.ca;"Esprit d’équipe";1;25;0;25;46,25;0,540541;"Étudiant15 évalue Étudiant14 (fraude)";etudiant15;etudiant15;"Commentaire general Étudiant15 évalue Étudiant14 (fraude)"
EQUIPE1_ELE795;etudiant14;etudiant14;etudiant14@etsmtl.ca;Présence;1;25;0;25;46,25;0,540541;"Étudiant15 évalue Étudiant14 (fraude)";etudiant15;etudiant15;"Commentaire general Étudiant15 évalue Étudiant14 (fraude)"
EQUIPE1_ELE795;etudiant14;etudiant14;etudiant14@etsmtl.ca;"Quantité de travail";1;25;0;25;46,25;0,540541;"Étudiant15 évalue Étudiant14 (fraude)";etudiant15;etudiant15;"Commentaire general Étudiant15 évalue Étudiant14 (fraude)"
EQUIPE1_ELE795;etudiant14;etudiant14;etudiant14@etsmtl.ca;"Qualité du travail";1;25;0;25;46,25;0,540541;"Étudiant15 évalue Étudiant14 (fraude)";etudiant15;etudiant15;"Commentaire general Étudiant15 évalue Étudiant14 (fraude)"
EQUIPE1_ELE795;etudiant15;etudiant15;etudiant15@etsmtl.ca;"Organisation du travail d’équipe";1;25;0;25;46,25;0,540541;"Étudiant12 évalue Étudiant15";etudiant12;etudiant12;"Commentaire general&nbsp;Étudiant12 évalue Étudiant15"
EQUIPE1_ELE795;etudiant15;etudiant15;etudiant15@etsmtl.ca;"Composition avec les différences individuelles";1;25;0;25;46,25;0,540541;"Étudiant12 évalue Étudiant15";etudiant12;etudiant12;"Commentaire general&nbsp;Étudiant12 évalue Étudiant15"
EQUIPE1_ELE795;etudiant15;etudiant15;etudiant15@etsmtl.ca;"Aptitude à proposer des solutions";1;25;0;25;46,25;0,540541;"Étudiant12 évalue Étudiant15";etudiant12;etudiant12;"Commentaire general&nbsp;Étudiant12 évalue Étudiant15"
EQUIPE1_ELE795;etudiant15;etudiant15;etudiant15@etsmtl.ca;"Esprit d’équipe";1;25;0;25;46,25;0,540541;"Étudiant12 évalue Étudiant15";etudiant12;etudiant12;"Commentaire general&nbsp;Étudiant12 évalue Étudiant15"
EQUIPE1_ELE795;etudiant15;etudiant15;etudiant15@etsmtl.ca;Présence;1;25;0;25;46,25;0,540541;"Étudiant12 évalue Étudiant15";etudiant12;etudiant12;"Commentaire general&nbsp;Étudiant12 évalue Étudiant15"
EQUIPE1_ELE795;etudiant15;etudiant15;etudiant15@etsmtl.ca;"Quantité de travail";1;25;0;25;46,25;0,540541;"Étudiant12 évalue Étudiant15";etudiant12;etudiant12;"Commentaire general&nbsp;Étudiant12 évalue Étudiant15"
EQUIPE1_ELE795;etudiant15;etudiant15;etudiant15@etsmtl.ca;"Qualité du travail";1;25;0;25;46,25;0,540541;"Étudiant12 évalue Étudiant15";etudiant12;etudiant12;"Commentaire general&nbsp;Étudiant12 évalue Étudiant15"
EQUIPE1_ELE795;etudiant15;etudiant15;etudiant15@etsmtl.ca;"Organisation du travail d’équipe";1;25;0;25;46,25;0,540541;"Étudiant13 évalue Étudiant15";etudiant13;etudiant13;"Commentaire general Étudiant13 évalue Étudiant15"
EQUIPE1_ELE795;etudiant15;etudiant15;etudiant15@etsmtl.ca;"Composition avec les différences individuelles";1;25;0;25;46,25;0,540541;"Étudiant13 évalue Étudiant15";etudiant13;etudiant13;"Commentaire general Étudiant13 évalue Étudiant15"
EQUIPE1_ELE795;etudiant15;etudiant15;etudiant15@etsmtl.ca;"Aptitude à proposer des solutions";1;25;0;25;46,25;0,540541;"Étudiant13 évalue Étudiant15";etudiant13;etudiant13;"Commentaire general Étudiant13 évalue Étudiant15"
EQUIPE1_ELE795;etudiant15;etudiant15;etudiant15@etsmtl.ca;"Esprit d’équipe";1;25;0;25;46,25;0,540541;"Étudiant13 évalue Étudiant15";etudiant13;etudiant13;"Commentaire general Étudiant13 évalue Étudiant15"
EQUIPE1_ELE795;etudiant15;etudiant15;etudiant15@etsmtl.ca;Présence;1;25;0;25;46,25;0,540541;"Étudiant13 évalue Étudiant15";etudiant13;etudiant13;"Commentaire general Étudiant13 évalue Étudiant15"
EQUIPE1_ELE795;etudiant15;etudiant15;etudiant15@etsmtl.ca;"Quantité de travail";1;25;0;25;46,25;0,540541;"Étudiant13 évalue Étudiant15";etudiant13;etudiant13;"Commentaire general Étudiant13 évalue Étudiant15"
EQUIPE1_ELE795;etudiant15;etudiant15;etudiant15@etsmtl.ca;"Qualité du travail";1;25;0;25;46,25;0,540541;"Étudiant13 évalue Étudiant15";etudiant13;etudiant13;"Commentaire general Étudiant13 évalue Étudiant15"
EQUIPE1_ELE795;etudiant15;etudiant15;etudiant15@etsmtl.ca;"Organisation du travail d’équipe";1;25;0;25;46,25;0,540541;"Étudiant14 évalue Étudiant15";etudiant14;etudiant14;"Commentaire general&nbsp;Étudiant14 évalue Étudiant15"
EQUIPE1_ELE795;etudiant15;etudiant15;etudiant15@etsmtl.ca;"Composition avec les différences individuelles";1;25;0;25;46,25;0,540541;"Étudiant14 évalue Étudiant15";etudiant14;etudiant14;"Commentaire general&nbsp;Étudiant14 évalue Étudiant15"
EQUIPE1_ELE795;etudiant15;etudiant15;etudiant15@etsmtl.ca;"Aptitude à proposer des solutions";1;25;0;25;46,25;0,540541;"Étudiant14 évalue Étudiant15";etudiant14;etudiant14;"Commentaire general&nbsp;Étudiant14 évalue Étudiant15"
EQUIPE1_ELE795;etudiant15;etudiant15;etudiant15@etsmtl.ca;"Esprit d’équipe";1;25;0;25;46,25;0,540541;"Étudiant14 évalue Étudiant15";etudiant14;etudiant14;"Commentaire general&nbsp;Étudiant14 évalue Étudiant15"
EQUIPE1_ELE795;etudiant15;etudiant15;etudiant15@etsmtl.ca;Présence;1;25;0;25;46,25;0,540541;"Étudiant14 évalue Étudiant15";etudiant14;etudiant14;"Commentaire general&nbsp;Étudiant14 évalue Étudiant15"
EQUIPE1_ELE795;etudiant15;etudiant15;etudiant15@etsmtl.ca;"Quantité de travail";1;25;0;25;46,25;0,540541;"Étudiant14 évalue Étudiant15";etudiant14;etudiant14;"Commentaire general&nbsp;Étudiant14 évalue Étudiant15"
EQUIPE1_ELE795;etudiant15;etudiant15;etudiant15@etsmtl.ca;"Qualité du travail";1;25;0;25;46,25;0,540541;"Étudiant14 évalue Étudiant15";etudiant14;etudiant14;"Commentaire general&nbsp;Étudiant14 évalue Étudiant15"
EQUIPE1_ELE795;etudiant15;etudiant15;etudiant15@etsmtl.ca;"Organisation du travail d’équipe";4;25;0;25;46,25;0,540541;"Autoévaluation (fraude)";etudiant15;etudiant15;"Commentaire general Autoévaluation (fraude)"
EQUIPE1_ELE795;etudiant15;etudiant15;etudiant15@etsmtl.ca;"Composition avec les différences individuelles";4;25;0;25;46,25;0,540541;"Autoévaluation (fraude)";etudiant15;etudiant15;"Commentaire general Autoévaluation (fraude)"
EQUIPE1_ELE795;etudiant15;etudiant15;etudiant15@etsmtl.ca;"Aptitude à proposer des solutions";4;25;0;25;46,25;0,540541;"Autoévaluation (fraude)";etudiant15;etudiant15;"Commentaire general Autoévaluation (fraude)"
EQUIPE1_ELE795;etudiant15;etudiant15;etudiant15@etsmtl.ca;"Esprit d’équipe";4;25;0;25;46,25;0,540541;"Autoévaluation (fraude)";etudiant15;etudiant15;"Commentaire general Autoévaluation (fraude)"
EQUIPE1_ELE795;etudiant15;etudiant15;etudiant15@etsmtl.ca;Présence;4;25;0;25;46,25;0,540541;"Autoévaluation (fraude)";etudiant15;etudiant15;"Commentaire general Autoévaluation (fraude)"
EQUIPE1_ELE795;etudiant15;etudiant15;etudiant15@etsmtl.ca;"Quantité de travail";4;25;0;25;46,25;0,540541;"Autoévaluation (fraude)";etudiant15;etudiant15;"Commentaire general Autoévaluation (fraude)"
EQUIPE1_ELE795;etudiant15;etudiant15;etudiant15@etsmtl.ca;"Qualité du travail";4;25;0;25;46,25;0,540541;"Autoévaluation (fraude)";etudiant15;etudiant15;"Commentaire general Autoévaluation (fraude)"
EQUIPE2_ELE795;etudiant1;etudiant1;etudiant1@etsmtl.ca;"Organisation du travail d’équipe";3;66,66667;0;66,66667;50;1,333333;"Étudiant 2 évalue Étudiant1";etudiant2;etudiant2;
EQUIPE2_ELE795;etudiant1;etudiant1;etudiant1@etsmtl.ca;"Composition avec les différences individuelles";3;66,66667;0;66,66667;50;1,333333;"Étudiant 2 évalue Étudiant1";etudiant2;etudiant2;
EQUIPE2_ELE795;etudiant1;etudiant1;etudiant1@etsmtl.ca;"Aptitude à proposer des solutions";3;66,66667;0;66,66667;50;1,333333;"Étudiant 2 évalue Étudiant1";etudiant2;etudiant2;
EQUIPE2_ELE795;etudiant1;etudiant1;etudiant1@etsmtl.ca;"Esprit d’équipe";3;66,66667;0;66,66667;50;1,333333;"Étudiant 2 évalue Étudiant1";etudiant2;etudiant2;
EQUIPE2_ELE795;etudiant1;etudiant1;etudiant1@etsmtl.ca;Présence;3;66,66667;0;66,66667;50;1,333333;"Étudiant 2 évalue Étudiant1";etudiant2;etudiant2;
EQUIPE2_ELE795;etudiant1;etudiant1;etudiant1@etsmtl.ca;"Quantité de travail";3;66,66667;0;66,66667;50;1,333333;"Étudiant 2 évalue Étudiant1";etudiant2;etudiant2;
EQUIPE2_ELE795;etudiant1;etudiant1;etudiant1@etsmtl.ca;"Qualité du travail";3;66,66667;0;66,66667;50;1,333333;"Étudiant 2 évalue Étudiant1";etudiant2;etudiant2;
EQUIPE2_ELE795;etudiant1;etudiant1;etudiant1@etsmtl.ca;"Organisation du travail d’équipe";3;66,66667;0;66,66667;50;1,333333;"Étudiant3 évalue Étudiant1";etudiant3;etudiant3;"Commentaire general&nbsp;Étudiant3 évalue Étudiant1"
EQUIPE2_ELE795;etudiant1;etudiant1;etudiant1@etsmtl.ca;"Composition avec les différences individuelles";3;66,66667;0;66,66667;50;1,333333;"Étudiant3 évalue Étudiant1";etudiant3;etudiant3;"Commentaire general&nbsp;Étudiant3 évalue Étudiant1"
EQUIPE2_ELE795;etudiant1;etudiant1;etudiant1@etsmtl.ca;"Aptitude à proposer des solutions";3;66,66667;0;66,66667;50;1,333333;"Étudiant3 évalue Étudiant1";etudiant3;etudiant3;"Commentaire general&nbsp;Étudiant3 évalue Étudiant1"
EQUIPE2_ELE795;etudiant1;etudiant1;etudiant1@etsmtl.ca;"Esprit d’équipe";3;66,66667;0;66,66667;50;1,333333;"Étudiant3 évalue Étudiant1";etudiant3;etudiant3;"Commentaire general&nbsp;Étudiant3 évalue Étudiant1"
EQUIPE2_ELE795;etudiant1;etudiant1;etudiant1@etsmtl.ca;Présence;3;66,66667;0;66,66667;50;1,333333;"Étudiant3 évalue Étudiant1";etudiant3;etudiant3;"Commentaire general&nbsp;Étudiant3 évalue Étudiant1"
EQUIPE2_ELE795;etudiant1;etudiant1;etudiant1@etsmtl.ca;"Quantité de travail";3;66,66667;0;66,66667;50;1,333333;"Étudiant3 évalue Étudiant1";etudiant3;etudiant3;"Commentaire general&nbsp;Étudiant3 évalue Étudiant1"
EQUIPE2_ELE795;etudiant1;etudiant1;etudiant1@etsmtl.ca;"Qualité du travail";3;66,66667;0;66,66667;50;1,333333;"Étudiant3 évalue Étudiant1";etudiant3;etudiant3;"Commentaire general&nbsp;Étudiant3 évalue Étudiant1"
EQUIPE2_ELE795;etudiant1;etudiant1;etudiant1@etsmtl.ca;"Organisation du travail d’équipe";3;66,66667;0;66,66667;50;1,333333;"Étudiant4 évalue Étudiant1";etudiant4;etudiant4;"Commentaire general&nbsp;Étudiant4 évalue Étudiant1"
EQUIPE2_ELE795;etudiant1;etudiant1;etudiant1@etsmtl.ca;"Composition avec les différences individuelles";3;66,66667;0;66,66667;50;1,333333;"Étudiant4 évalue Étudiant1";etudiant4;etudiant4;"Commentaire general&nbsp;Étudiant4 évalue Étudiant1"
EQUIPE2_ELE795;etudiant1;etudiant1;etudiant1@etsmtl.ca;"Aptitude à proposer des solutions";3;66,66667;0;66,66667;50;1,333333;"Étudiant4 évalue Étudiant1";etudiant4;etudiant4;"Commentaire general&nbsp;Étudiant4 évalue Étudiant1"
EQUIPE2_ELE795;etudiant1;etudiant1;etudiant1@etsmtl.ca;"Esprit d’équipe";3;66,66667;0;66,66667;50;1,333333;"Étudiant4 évalue Étudiant1";etudiant4;etudiant4;"Commentaire general&nbsp;Étudiant4 évalue Étudiant1"
EQUIPE2_ELE795;etudiant1;etudiant1;etudiant1@etsmtl.ca;Présence;3;66,66667;0;66,66667;50;1,333333;"Étudiant4 évalue Étudiant1";etudiant4;etudiant4;"Commentaire general&nbsp;Étudiant4 évalue Étudiant1"
EQUIPE2_ELE795;etudiant1;etudiant1;etudiant1@etsmtl.ca;"Quantité de travail";3;66,66667;0;66,66667;50;1,333333;"Étudiant4 évalue Étudiant1";etudiant4;etudiant4;"Commentaire general&nbsp;Étudiant4 évalue Étudiant1"
EQUIPE2_ELE795;etudiant1;etudiant1;etudiant1@etsmtl.ca;"Qualité du travail";3;66,66667;0;66,66667;50;1,333333;"Étudiant4 évalue Étudiant1";etudiant4;etudiant4;"Commentaire general&nbsp;Étudiant4 évalue Étudiant1"
EQUIPE2_ELE795;etudiant1;etudiant1;etudiant1@etsmtl.ca;"Organisation du travail d’équipe";3;66,66667;0;66,66667;50;1,333333;Autoévaluation;etudiant1;etudiant1;"Commentaire général&nbsp;Autoévaluation"
EQUIPE2_ELE795;etudiant1;etudiant1;etudiant1@etsmtl.ca;"Composition avec les différences individuelles";3;66,66667;0;66,66667;50;1,333333;Autoévaluation;etudiant1;etudiant1;"Commentaire général&nbsp;Autoévaluation"
EQUIPE2_ELE795;etudiant1;etudiant1;etudiant1@etsmtl.ca;"Aptitude à proposer des solutions";3;66,66667;0;66,66667;50;1,333333;Autoévaluation;etudiant1;etudiant1;"Commentaire général&nbsp;Autoévaluation"
EQUIPE2_ELE795;etudiant1;etudiant1;etudiant1@etsmtl.ca;"Esprit d’équipe";3;66,66667;0;66,66667;50;1,333333;Autoévaluation;etudiant1;etudiant1;"Commentaire général&nbsp;Autoévaluation"
EQUIPE2_ELE795;etudiant1;etudiant1;etudiant1@etsmtl.ca;Présence;3;66,66667;0;66,66667;50;1,333333;Autoévaluation;etudiant1;etudiant1;"Commentaire général&nbsp;Autoévaluation"
EQUIPE2_ELE795;etudiant1;etudiant1;etudiant1@etsmtl.ca;"Quantité de travail";3;66,66667;0;66,66667;50;1,333333;Autoévaluation;etudiant1;etudiant1;"Commentaire général&nbsp;Autoévaluation"
EQUIPE2_ELE795;etudiant1;etudiant1;etudiant1@etsmtl.ca;"Qualité du travail";3;66,66667;0;66,66667;50;1,333333;Autoévaluation;etudiant1;etudiant1;"Commentaire général&nbsp;Autoévaluation"
EQUIPE2_ELE795;etudiant2;etudiant2;etudiant2@etsmtl.ca;"Organisation du travail d’équipe";4;100;0;100;50;2;Autoévaluation;etudiant2;etudiant2;"Commentaire général&nbsp;Autoévaluation"
EQUIPE2_ELE795;etudiant2;etudiant2;etudiant2@etsmtl.ca;"Composition avec les différences individuelles";4;100;0;100;50;2;Autoévaluation;etudiant2;etudiant2;"Commentaire général&nbsp;Autoévaluation"
EQUIPE2_ELE795;etudiant2;etudiant2;etudiant2@etsmtl.ca;"Aptitude à proposer des solutions";4;100;0;100;50;2;Autoévaluation;etudiant2;etudiant2;"Commentaire général&nbsp;Autoévaluation"
EQUIPE2_ELE795;etudiant2;etudiant2;etudiant2@etsmtl.ca;"Esprit d’équipe";4;100;0;100;50;2;Autoévaluation;etudiant2;etudiant2;"Commentaire général&nbsp;Autoévaluation"
EQUIPE2_ELE795;etudiant2;etudiant2;etudiant2@etsmtl.ca;Présence;4;100;0;100;50;2;Autoévaluation;etudiant2;etudiant2;"Commentaire général&nbsp;Autoévaluation"
EQUIPE2_ELE795;etudiant2;etudiant2;etudiant2@etsmtl.ca;"Quantité de travail";4;100;0;100;50;2;Autoévaluation;etudiant2;etudiant2;"Commentaire général&nbsp;Autoévaluation"
EQUIPE2_ELE795;etudiant2;etudiant2;etudiant2@etsmtl.ca;"Qualité du travail";4;100;0;100;50;2;Autoévaluation;etudiant2;etudiant2;"Commentaire général&nbsp;Autoévaluation"
EQUIPE2_ELE795;etudiant2;etudiant2;etudiant2@etsmtl.ca;"Organisation du travail d’équipe";4;100;0;100;50;2;"Étudiant3 évalue Étudiant2";etudiant3;etudiant3;"Commentaire general&nbsp;Étudiant3 évalue Étudiant2"
EQUIPE2_ELE795;etudiant2;etudiant2;etudiant2@etsmtl.ca;"Composition avec les différences individuelles";4;100;0;100;50;2;"Étudiant3 évalue Étudiant2";etudiant3;etudiant3;"Commentaire general&nbsp;Étudiant3 évalue Étudiant2"
EQUIPE2_ELE795;etudiant2;etudiant2;etudiant2@etsmtl.ca;"Aptitude à proposer des solutions";4;100;0;100;50;2;"Étudiant3 évalue Étudiant2";etudiant3;etudiant3;"Commentaire general&nbsp;Étudiant3 évalue Étudiant2"
EQUIPE2_ELE795;etudiant2;etudiant2;etudiant2@etsmtl.ca;"Esprit d’équipe";4;100;0;100;50;2;"Étudiant3 évalue Étudiant2";etudiant3;etudiant3;"Commentaire general&nbsp;Étudiant3 évalue Étudiant2"
EQUIPE2_ELE795;etudiant2;etudiant2;etudiant2@etsmtl.ca;Présence;4;100;0;100;50;2;"Étudiant3 évalue Étudiant2";etudiant3;etudiant3;"Commentaire general&nbsp;Étudiant3 évalue Étudiant2"
EQUIPE2_ELE795;etudiant2;etudiant2;etudiant2@etsmtl.ca;"Quantité de travail";4;100;0;100;50;2;"Étudiant3 évalue Étudiant2";etudiant3;etudiant3;"Commentaire general&nbsp;Étudiant3 évalue Étudiant2"
EQUIPE2_ELE795;etudiant2;etudiant2;etudiant2@etsmtl.ca;"Qualité du travail";4;100;0;100;50;2;"Étudiant3 évalue Étudiant2";etudiant3;etudiant3;"Commentaire general&nbsp;Étudiant3 évalue Étudiant2"
EQUIPE2_ELE795;etudiant2;etudiant2;etudiant2@etsmtl.ca;"Organisation du travail d’équipe";4;100;0;100;50;2;"Étudiant4 évalue Étudiant2";etudiant4;etudiant4;"Commentaire general&nbsp;Étudiant4 évalue Étudiant2"
EQUIPE2_ELE795;etudiant2;etudiant2;etudiant2@etsmtl.ca;"Composition avec les différences individuelles";4;100;0;100;50;2;"Étudiant4 évalue Étudiant2";etudiant4;etudiant4;"Commentaire general&nbsp;Étudiant4 évalue Étudiant2"
EQUIPE2_ELE795;etudiant2;etudiant2;etudiant2@etsmtl.ca;"Aptitude à proposer des solutions";4;100;0;100;50;2;"Étudiant4 évalue Étudiant2";etudiant4;etudiant4;"Commentaire general&nbsp;Étudiant4 évalue Étudiant2"
EQUIPE2_ELE795;etudiant2;etudiant2;etudiant2@etsmtl.ca;"Esprit d’équipe";4;100;0;100;50;2;"Étudiant4 évalue Étudiant2";etudiant4;etudiant4;"Commentaire general&nbsp;Étudiant4 évalue Étudiant2"
EQUIPE2_ELE795;etudiant2;etudiant2;etudiant2@etsmtl.ca;Présence;4;100;0;100;50;2;"Étudiant4 évalue Étudiant2";etudiant4;etudiant4;"Commentaire general&nbsp;Étudiant4 évalue Étudiant2"
EQUIPE2_ELE795;etudiant2;etudiant2;etudiant2@etsmtl.ca;"Quantité de travail";4;100;0;100;50;2;"Étudiant4 évalue Étudiant2";etudiant4;etudiant4;"Commentaire general&nbsp;Étudiant4 évalue Étudiant2"
EQUIPE2_ELE795;etudiant2;etudiant2;etudiant2@etsmtl.ca;"Qualité du travail";4;100;0;100;50;2;"Étudiant4 évalue Étudiant2";etudiant4;etudiant4;"Commentaire general&nbsp;Étudiant4 évalue Étudiant2"
EQUIPE2_ELE795;etudiant2;etudiant2;etudiant2@etsmtl.ca;"Organisation du travail d’équipe";4;100;0;100;50;2;"Étudiant1 évalue Etudiant2";etudiant1;etudiant1;"Commentaire général&nbsp;&nbsp;Étudiant1 évalue Etudiant2"
EQUIPE2_ELE795;etudiant2;etudiant2;etudiant2@etsmtl.ca;"Composition avec les différences individuelles";4;100;0;100;50;2;"Étudiant1 évalue Etudiant2";etudiant1;etudiant1;"Commentaire général&nbsp;&nbsp;Étudiant1 évalue Etudiant2"
EQUIPE2_ELE795;etudiant2;etudiant2;etudiant2@etsmtl.ca;"Aptitude à proposer des solutions";4;100;0;100;50;2;"Étudiant1 évalue Etudiant2";etudiant1;etudiant1;"Commentaire général&nbsp;&nbsp;Étudiant1 évalue Etudiant2"
EQUIPE2_ELE795;etudiant2;etudiant2;etudiant2@etsmtl.ca;"Esprit d’équipe";4;100;0;100;50;2;"Étudiant1 évalue Etudiant2";etudiant1;etudiant1;"Commentaire général&nbsp;&nbsp;Étudiant1 évalue Etudiant2"
EQUIPE2_ELE795;etudiant2;etudiant2;etudiant2@etsmtl.ca;Présence;4;100;0;100;50;2;"Étudiant1 évalue Etudiant2";etudiant1;etudiant1;"Commentaire général&nbsp;&nbsp;Étudiant1 évalue Etudiant2"
EQUIPE2_ELE795;etudiant2;etudiant2;etudiant2@etsmtl.ca;"Quantité de travail";4;100;0;100;50;2;"Étudiant1 évalue Etudiant2";etudiant1;etudiant1;"Commentaire général&nbsp;&nbsp;Étudiant1 évalue Etudiant2"
EQUIPE2_ELE795;etudiant2;etudiant2;etudiant2@etsmtl.ca;"Qualité du travail";4;100;0;100;50;2;"Étudiant1 évalue Etudiant2";etudiant1;etudiant1;"Commentaire général&nbsp;&nbsp;Étudiant1 évalue Etudiant2"
EQUIPE2_ELE795;etudiant3;etudiant3;etudiant3@etsmtl.ca;"Organisation du travail d’équipe";2;33,33333;0;33,33333;50;0,666667;"Étudiant2 évalue Étudiant3";etudiant2;etudiant2;"Commentaire general&nbsp;Étudiant2 évalue Étudiant3"
EQUIPE2_ELE795;etudiant3;etudiant3;etudiant3@etsmtl.ca;"Composition avec les différences individuelles";2;33,33333;0;33,33333;50;0,666667;"Étudiant2 évalue Étudiant3";etudiant2;etudiant2;"Commentaire general&nbsp;Étudiant2 évalue Étudiant3"
EQUIPE2_ELE795;etudiant3;etudiant3;etudiant3@etsmtl.ca;"Aptitude à proposer des solutions";2;33,33333;0;33,33333;50;0,666667;"Étudiant2 évalue Étudiant3";etudiant2;etudiant2;"Commentaire general&nbsp;Étudiant2 évalue Étudiant3"
EQUIPE2_ELE795;etudiant3;etudiant3;etudiant3@etsmtl.ca;"Esprit d’équipe";2;33,33333;0;33,33333;50;0,666667;"Étudiant2 évalue Étudiant3";etudiant2;etudiant2;"Commentaire general&nbsp;Étudiant2 évalue Étudiant3"
EQUIPE2_ELE795;etudiant3;etudiant3;etudiant3@etsmtl.ca;Présence;2;33,33333;0;33,33333;50;0,666667;"Étudiant2 évalue Étudiant3";etudiant2;etudiant2;"Commentaire general&nbsp;Étudiant2 évalue Étudiant3"
EQUIPE2_ELE795;etudiant3;etudiant3;etudiant3@etsmtl.ca;"Quantité de travail";2;33,33333;0;33,33333;50;0,666667;"Étudiant2 évalue Étudiant3";etudiant2;etudiant2;"Commentaire general&nbsp;Étudiant2 évalue Étudiant3"
EQUIPE2_ELE795;etudiant3;etudiant3;etudiant3@etsmtl.ca;"Qualité du travail";2;33,33333;0;33,33333;50;0,666667;"Étudiant2 évalue Étudiant3";etudiant2;etudiant2;"Commentaire general&nbsp;Étudiant2 évalue Étudiant3"
EQUIPE2_ELE795;etudiant3;etudiant3;etudiant3@etsmtl.ca;"Organisation du travail d’équipe";2;33,33333;0;33,33333;50;0,666667;Autoévaluation;etudiant3;etudiant3;"Commentaire general&nbsp;Autoévaluation"
EQUIPE2_ELE795;etudiant3;etudiant3;etudiant3@etsmtl.ca;"Composition avec les différences individuelles";2;33,33333;0;33,33333;50;0,666667;Autoévaluation;etudiant3;etudiant3;"Commentaire general&nbsp;Autoévaluation"
EQUIPE2_ELE795;etudiant3;etudiant3;etudiant3@etsmtl.ca;"Aptitude à proposer des solutions";2;33,33333;0;33,33333;50;0,666667;Autoévaluation;etudiant3;etudiant3;"Commentaire general&nbsp;Autoévaluation"
EQUIPE2_ELE795;etudiant3;etudiant3;etudiant3@etsmtl.ca;"Esprit d’équipe";2;33,33333;0;33,33333;50;0,666667;Autoévaluation;etudiant3;etudiant3;"Commentaire general&nbsp;Autoévaluation"
EQUIPE2_ELE795;etudiant3;etudiant3;etudiant3@etsmtl.ca;Présence;2;33,33333;0;33,33333;50;0,666667;Autoévaluation;etudiant3;etudiant3;"Commentaire general&nbsp;Autoévaluation"
EQUIPE2_ELE795;etudiant3;etudiant3;etudiant3@etsmtl.ca;"Quantité de travail";2;33,33333;0;33,33333;50;0,666667;Autoévaluation;etudiant3;etudiant3;"Commentaire general&nbsp;Autoévaluation"
EQUIPE2_ELE795;etudiant3;etudiant3;etudiant3@etsmtl.ca;"Qualité du travail";2;33,33333;0;33,33333;50;0,666667;Autoévaluation;etudiant3;etudiant3;"Commentaire general&nbsp;Autoévaluation"
EQUIPE2_ELE795;etudiant3;etudiant3;etudiant3@etsmtl.ca;"Organisation du travail d’équipe";2;33,33333;0;33,33333;50;0,666667;"Étudiant4 évalue Étudiant3";etudiant4;etudiant4;"Commentaire general&nbsp;Étudiant4 évalue Étudiant3"
EQUIPE2_ELE795;etudiant3;etudiant3;etudiant3@etsmtl.ca;"Composition avec les différences individuelles";2;33,33333;0;33,33333;50;0,666667;"Étudiant4 évalue Étudiant3";etudiant4;etudiant4;"Commentaire general&nbsp;Étudiant4 évalue Étudiant3"
EQUIPE2_ELE795;etudiant3;etudiant3;etudiant3@etsmtl.ca;"Aptitude à proposer des solutions";2;33,33333;0;33,33333;50;0,666667;"Étudiant4 évalue Étudiant3";etudiant4;etudiant4;"Commentaire general&nbsp;Étudiant4 évalue Étudiant3"
EQUIPE2_ELE795;etudiant3;etudiant3;etudiant3@etsmtl.ca;"Esprit d’équipe";2;33,33333;0;33,33333;50;0,666667;"Étudiant4 évalue Étudiant3";etudiant4;etudiant4;"Commentaire general&nbsp;Étudiant4 évalue Étudiant3"
EQUIPE2_ELE795;etudiant3;etudiant3;etudiant3@etsmtl.ca;Présence;2;33,33333;0;33,33333;50;0,666667;"Étudiant4 évalue Étudiant3";etudiant4;etudiant4;"Commentaire general&nbsp;Étudiant4 évalue Étudiant3"
EQUIPE2_ELE795;etudiant3;etudiant3;etudiant3@etsmtl.ca;"Quantité de travail";2;33,33333;0;33,33333;50;0,666667;"Étudiant4 évalue Étudiant3";etudiant4;etudiant4;"Commentaire general&nbsp;Étudiant4 évalue Étudiant3"
EQUIPE2_ELE795;etudiant3;etudiant3;etudiant3@etsmtl.ca;"Qualité du travail";2;33,33333;0;33,33333;50;0,666667;"Étudiant4 évalue Étudiant3";etudiant4;etudiant4;"Commentaire general&nbsp;Étudiant4 évalue Étudiant3"
EQUIPE2_ELE795;etudiant3;etudiant3;etudiant3@etsmtl.ca;"Organisation du travail d’équipe";2;33,33333;0;33,33333;50;0,666667;"Étudiant1 évalue Etudiant3";etudiant1;etudiant1;"Commentaire général&nbsp;Étudiant1 évalue Etudiant3"
EQUIPE2_ELE795;etudiant3;etudiant3;etudiant3@etsmtl.ca;"Composition avec les différences individuelles";2;33,33333;0;33,33333;50;0,666667;"Étudiant1 évalue Etudiant3";etudiant1;etudiant1;"Commentaire général&nbsp;Étudiant1 évalue Etudiant3"
EQUIPE2_ELE795;etudiant3;etudiant3;etudiant3@etsmtl.ca;"Aptitude à proposer des solutions";2;33,33333;0;33,33333;50;0,666667;"Étudiant1 évalue Etudiant3";etudiant1;etudiant1;"Commentaire général&nbsp;Étudiant1 évalue Etudiant3"
EQUIPE2_ELE795;etudiant3;etudiant3;etudiant3@etsmtl.ca;"Esprit d’équipe";2;33,33333;0;33,33333;50;0,666667;"Étudiant1 évalue Etudiant3";etudiant1;etudiant1;"Commentaire général&nbsp;Étudiant1 évalue Etudiant3"
EQUIPE2_ELE795;etudiant3;etudiant3;etudiant3@etsmtl.ca;Présence;2;33,33333;0;33,33333;50;0,666667;"Étudiant1 évalue Etudiant3";etudiant1;etudiant1;"Commentaire général&nbsp;Étudiant1 évalue Etudiant3"
EQUIPE2_ELE795;etudiant3;etudiant3;etudiant3@etsmtl.ca;"Quantité de travail";2;33,33333;0;33,33333;50;0,666667;"Étudiant1 évalue Etudiant3";etudiant1;etudiant1;"Commentaire général&nbsp;Étudiant1 évalue Etudiant3"
EQUIPE2_ELE795;etudiant3;etudiant3;etudiant3@etsmtl.ca;"Qualité du travail";2;33,33333;0;33,33333;50;0,666667;"Étudiant1 évalue Etudiant3";etudiant1;etudiant1;"Commentaire général&nbsp;Étudiant1 évalue Etudiant3"
EQUIPE2_ELE795;etudiant4;etudiant4;etudiant4@etsmtl.ca;"Organisation du travail d’équipe";1;0;0;0;50;0;"Étudiant2 évalue Étudiant4";etudiant2;etudiant2;"Commentaire general&nbsp;Étudiant2 évalue Étudiant4"
EQUIPE2_ELE795;etudiant4;etudiant4;etudiant4@etsmtl.ca;"Composition avec les différences individuelles";1;0;0;0;50;0;"Étudiant2 évalue Étudiant4";etudiant2;etudiant2;"Commentaire general&nbsp;Étudiant2 évalue Étudiant4"
EQUIPE2_ELE795;etudiant4;etudiant4;etudiant4@etsmtl.ca;"Aptitude à proposer des solutions";1;0;0;0;50;0;"Étudiant2 évalue Étudiant4";etudiant2;etudiant2;"Commentaire general&nbsp;Étudiant2 évalue Étudiant4"
EQUIPE2_ELE795;etudiant4;etudiant4;etudiant4@etsmtl.ca;"Esprit d’équipe";1;0;0;0;50;0;"Étudiant2 évalue Étudiant4";etudiant2;etudiant2;"Commentaire general&nbsp;Étudiant2 évalue Étudiant4"
EQUIPE2_ELE795;etudiant4;etudiant4;etudiant4@etsmtl.ca;Présence;1;0;0;0;50;0;"Étudiant2 évalue Étudiant4";etudiant2;etudiant2;"Commentaire general&nbsp;Étudiant2 évalue Étudiant4"
EQUIPE2_ELE795;etudiant4;etudiant4;etudiant4@etsmtl.ca;"Quantité de travail";1;0;0;0;50;0;"Étudiant2 évalue Étudiant4";etudiant2;etudiant2;"Commentaire general&nbsp;Étudiant2 évalue Étudiant4"
EQUIPE2_ELE795;etudiant4;etudiant4;etudiant4@etsmtl.ca;"Qualité du travail";1;0;0;0;50;0;"Étudiant2 évalue Étudiant4";etudiant2;etudiant2;"Commentaire general&nbsp;Étudiant2 évalue Étudiant4"
EQUIPE2_ELE795;etudiant4;etudiant4;etudiant4@etsmtl.ca;"Organisation du travail d’équipe";1;0;0;0;50;0;"Étudiant3 évalue Étudiant4";etudiant3;etudiant3;"Commentaire general&nbsp;Étudiant3 évalue Étudiant4"
EQUIPE2_ELE795;etudiant4;etudiant4;etudiant4@etsmtl.ca;"Composition avec les différences individuelles";1;0;0;0;50;0;"Étudiant3 évalue Étudiant4";etudiant3;etudiant3;"Commentaire general&nbsp;Étudiant3 évalue Étudiant4"
EQUIPE2_ELE795;etudiant4;etudiant4;etudiant4@etsmtl.ca;"Aptitude à proposer des solutions";1;0;0;0;50;0;"Étudiant3 évalue Étudiant4";etudiant3;etudiant3;"Commentaire general&nbsp;Étudiant3 évalue Étudiant4"
EQUIPE2_ELE795;etudiant4;etudiant4;etudiant4@etsmtl.ca;"Esprit d’équipe";1;0;0;0;50;0;"Étudiant3 évalue Étudiant4";etudiant3;etudiant3;"Commentaire general&nbsp;Étudiant3 évalue Étudiant4"
EQUIPE2_ELE795;etudiant4;etudiant4;etudiant4@etsmtl.ca;Présence;1;0;0;0;50;0;"Étudiant3 évalue Étudiant4";etudiant3;etudiant3;"Commentaire general&nbsp;Étudiant3 évalue Étudiant4"
EQUIPE2_ELE795;etudiant4;etudiant4;etudiant4@etsmtl.ca;"Quantité de travail";1;0;0;0;50;0;"Étudiant3 évalue Étudiant4";etudiant3;etudiant3;"Commentaire general&nbsp;Étudiant3 évalue Étudiant4"
EQUIPE2_ELE795;etudiant4;etudiant4;etudiant4@etsmtl.ca;"Qualité du travail";1;0;0;0;50;0;"Étudiant3 évalue Étudiant4";etudiant3;etudiant3;"Commentaire general&nbsp;Étudiant3 évalue Étudiant4"
EQUIPE2_ELE795;etudiant4;etudiant4;etudiant4@etsmtl.ca;"Organisation du travail d’équipe";1;0;0;0;50;0;Autoévaluation;etudiant4;etudiant4;"Commentaire general Autoévaluation"
EQUIPE2_ELE795;etudiant4;etudiant4;etudiant4@etsmtl.ca;"Composition avec les différences individuelles";1;0;0;0;50;0;Autoévaluation;etudiant4;etudiant4;"Commentaire general Autoévaluation"
EQUIPE2_ELE795;etudiant4;etudiant4;etudiant4@etsmtl.ca;"Aptitude à proposer des solutions";1;0;0;0;50;0;Autoévaluation;etudiant4;etudiant4;"Commentaire general Autoévaluation"
EQUIPE2_ELE795;etudiant4;etudiant4;etudiant4@etsmtl.ca;"Esprit d’équipe";1;0;0;0;50;0;Autoévaluation;etudiant4;etudiant4;"Commentaire general Autoévaluation"
EQUIPE2_ELE795;etudiant4;etudiant4;etudiant4@etsmtl.ca;Présence;1;0;0;0;50;0;Autoévaluation;etudiant4;etudiant4;"Commentaire general Autoévaluation"
EQUIPE2_ELE795;etudiant4;etudiant4;etudiant4@etsmtl.ca;"Quantité de travail";1;0;0;0;50;0;Autoévaluation;etudiant4;etudiant4;"Commentaire general Autoévaluation"
EQUIPE2_ELE795;etudiant4;etudiant4;etudiant4@etsmtl.ca;"Qualité du travail";1;0;0;0;50;0;Autoévaluation;etudiant4;etudiant4;"Commentaire general Autoévaluation"
EQUIPE2_ELE795;etudiant4;etudiant4;etudiant4@etsmtl.ca;"Organisation du travail d’équipe";1;0;0;0;50;0;"Étudiant1 évalue Etudiant4";etudiant1;etudiant1;"Commentaire général&nbsp;Étudiant1 évalue Etudiant4"
EQUIPE2_ELE795;etudiant4;etudiant4;etudiant4@etsmtl.ca;"Composition avec les différences individuelles";1;0;0;0;50;0;"Étudiant1 évalue Etudiant4";etudiant1;etudiant1;"Commentaire général&nbsp;Étudiant1 évalue Etudiant4"
EQUIPE2_ELE795;etudiant4;etudiant4;etudiant4@etsmtl.ca;"Aptitude à proposer des solutions";1;0;0;0;50;0;"Étudiant1 évalue Etudiant4";etudiant1;etudiant1;"Commentaire général&nbsp;Étudiant1 évalue Etudiant4"
EQUIPE2_ELE795;etudiant4;etudiant4;etudiant4@etsmtl.ca;"Esprit d’équipe";1;0;0;0;50;0;"Étudiant1 évalue Etudiant4";etudiant1;etudiant1;"Commentaire général&nbsp;Étudiant1 évalue Etudiant4"
EQUIPE2_ELE795;etudiant4;etudiant4;etudiant4@etsmtl.ca;Présence;1;0;0;0;50;0;"Étudiant1 évalue Etudiant4";etudiant1;etudiant1;"Commentaire général&nbsp;Étudiant1 évalue Etudiant4"
EQUIPE2_ELE795;etudiant4;etudiant4;etudiant4@etsmtl.ca;"Quantité de travail";1;0;0;0;50;0;"Étudiant1 évalue Etudiant4";etudiant1;etudiant1;"Commentaire général&nbsp;Étudiant1 évalue Etudiant4"
EQUIPE2_ELE795;etudiant4;etudiant4;etudiant4@etsmtl.ca;"Qualité du travail";1;0;0;0;50;0;"Étudiant1 évalue Etudiant4";etudiant1;etudiant1;"Commentaire général&nbsp;Étudiant1 évalue Etudiant4"
